Team_Id,Team_Name,Average Salary,2016 ESPN BPI,2015 ESPN BPI,2014 ESPN BPI,2013 ESPN BPI,2012 ESPN BPI,Moore 2016,Moore 2015,Moore 2014,Moore 2013,Moore 2012,Moore 2011,Kenpom 2016,Kenpom 2015,Kenpom 2014,Kenpom 2013,Kenpom 2012
1181,Duke,6364220,87.4,89.5,83.7,88.5,85.4,50.62,44.15,44.61,,,,0.1869,0.1101,0.0793,,
1257,Louisville,6101402.8,87,82.9,88.3,91.3,82.5,58.04,64.31,61.55,69.16,66.06,68.99,0.324,0.3965,0.2949,0.6564,0.4156
1246,Kentucky,5314623,83,94.5,85.5,73,92.4,70.37,70.2,67.74,74.62,73.88,71.99,0.7076,0.6362,0.5382,0.7502,0.7442
1242,Kansas,4433052.4,86.4,85.3,86.7,85.5,87.7,72.71,76,74,78.98,79.73,81.99,0.7187,0.7581,0.6669,0.7716,0.8455
1277,Michigan St,3752921.8,87.4,81.4,85.1,83.7,87.4,48.45,45.64,50.92,46.59,46.92,50.2,0.2143,0.1225,0.1932,0.091,0.0677
1196,Florida,3705291,77.6,75,90.1,89,80.8,50.43,54.58,48.71,46.41,51.15,56.96,0.2503,0.2977,0.1988,0.095,0.1087
1326,Ohio St,3071400,70.7,81.4,82.8,84.8,88.6,70.58,66.76,67.3,67.61,64.39,61.27,0.677,0.5694,0.4698,0.5402,0.4027
1112,Arizona,2729527.75,84.4,90.9,91.1,83,74.5,48.68,43.2,47.54,46.92,49.48,43.1,0.2189,0.0719,0.1565,0.102,0.0896
1231,Indiana,2728750,82.6,72.5,68.5,88,82.1,,,,,,,,,,,
1417,UCLA,2678493.25,71.4,73.5,83.2,77.7,68.7,56.1,64.48,67.55,58.12,64.6,65.29,0.1858,0.4426,0.6188,0.2308,0.4681
1329,Oklahoma St,2458333.333,64.8,71.8,81.8,81.4,63.2,52.88,55.67,53.2,61.74,61.26,65.73,0.2769,0.2861,0.1163,0.274,0.2809
1400,Texas,2435000,79.1,77.5,73,62.5,78,84.56,92.09,88.35,81.65,78.18,84.4,0.8938,0.9649,0.9519,0.8961,0.7817
1452,West Virginia,2363333.333,85.2,78.6,68.8,58.4,73.6,69.34,73.39,76.11,74.09,65.96,73.58,0.6923,0.7444,0.7859,0.7462,0.3331
1328,Oklahoma,2350000,86.5,83.1,79.2,74.4,62.7,69.39,59.66,61.84,60.37,65.12,65.24,0.8181,0.3658,0.3589,0.3431,0.4255
1437,Villanova,2342143.75,88.5,89.6,85,70.6,64.9,43.34,47.57,49.38,55.65,50.12,46.64,0.0965,0.1435,0.1479,0.2482,0.1074
1458,Wisconsin,2319135.4,77.7,92,85.8,79.2,81.7,75.47,79.12,77.42,74.63,69.09,73.66,0.7447,0.825,0.7708,0.6959,0.5784
1268,Maryland,2252488,82.7,76.9,75.1,73.5,60.5,54.57,51.92,65.59,68.09,64.98,66.21,0.3038,0.2359,0.4791,0.5154,0.4026
1116,Arkansas,2219794,71.2,78.9,75,65.6,61.4,,,,,,,,,,,
1207,Georgetown,2190754,70.2,78.9,67.4,82.2,80.2,60.88,59.26,62.75,66.25,55.71,53.08,0.3698,0.2914,0.3416,0.5006,0.1869
1266,Marquette,2170322.333,66.9,61.7,68,80.4,80.7,64.81,68.99,68.54,65.81,70.64,68.54,0.4434,0.5293,0.5717,0.3828,0.5432
1124,Baylor,2133849.667,77.7,80.1,76.2,74.5,81.7,,,,,,,,,,,
1276,Michigan,2096998,74.7,66,81.8,84.1,75.9,54.94,51.42,54.37,53.31,61.94,67.73,0.3083,0.1796,0.2279,0.1719,0.3842
1163,Connecticut,2083333.333,81,68.9,82.3,75.6,76,67.18,57.23,56.03,61.01,63.29,65.89,0.5838,0.2688,0.1721,0.2976,0.3834
1345,Purdue,2014693,83.4,74.1,63.3,61.7,73.8,80.48,80.83,83.41,86.15,84.37,76.33,0.863,0.8851,0.8677,0.8628,0.9024
1438,Virginia,1999750,88.4,90,86.9,74.3,77.9,63.86,67.87,71.47,75.25,78.34,80.02,0.5805,0.5559,0.6819,0.7895,0.8236
1374,SMU,1911894,85.1,78.6,78.9,50.2,49.3,50.45,48.89,50.28,56.21,58.86,58.1,0.2248,0.118,0.1042,0.2436,0.2878
1332,Oregon,1900000,81.4,73.3,81.6,76.9,70.2,53.76,53.77,51.54,47.02,50.36,57.34,0.1598,0.142,0.1122,0.0563,0.0525
1338,Pittsburgh,1878544.333,75.9,63.8,83.4,83,66.8,,,,,,,,,,,
1385,St John's,1874917,45.2,70.9,71.9,63.2,53.6,72.59,76.54,74.06,76.51,68.47,72.64,0.698,0.7978,0.7135,0.7916,0.4646
1435,Vanderbilt,1844471,81,75.3,62.2,61.3,80.2,63.08,72.31,71.4,75.19,64.48,77.95,0.2953,0.6199,0.5462,0.6656,0.2617
1104,Alabama,1820000,67.7,70,64.6,69.5,78,62.62,61.13,71.07,65.49,64.6,68.21,0.3891,0.3343,0.5635,0.5338,0.4444
1301,NC State,1817250,70,75,70.2,80.1,54.8,58.59,66.21,61.56,65.27,68.09,63.03,0.3755,0.5659,0.3512,0.3613,0.5803
1279,Mississippi,1808814,67.7,74.1,68.5,76.9,66.4,52.97,59.92,63.2,66.72,61.01,70.08,0.1252,0.2787,0.3787,0.496,0.2482
1113,Arizona St,1804500,68.1,68.2,74.8,69.1,43.8,,,,,,,0.2443,0.2551,0.1632,0.4358,0.5023
1314,North Carolina,1777071.25,89.5,83.7,79.4,77.5,88.4,59.03,60.44,66.13,64.34,55.75,60.53,0.2507,0.2972,0.4986,0.3552,0.1548
1455,Wichita St,1752166.667,81.6,83.2,88.2,79.2,83.3,48.14,60.02,61.48,64.91,49.09,53.34,0.1004,0.3344,0.4196,0.4495,0.0745
1272,Memphis,1751666.667,67.6,63.7,74.4,81,83.6,67.58,64.4,66.68,72.91,72.9,70.75,0.5034,0.4284,0.5093,0.7867,0.7051
1234,Iowa,1651725,83.1,74.9,80,74.6,61.2,67.86,73.59,71.35,67.64,71.6,68.84,0.5624,0.7523,0.6355,0.4474,0.6972
1393,Syracuse,1647945.5,76.5,70.1,84,83.5,90.2,79.87,80.56,75.63,79.27,74.03,83.19,0.8257,0.8649,0.6229,0.8331,0.6456
1401,Texas A&M,1605750,82.5,73,60.6,64.5,58.9,79.02,78.53,76.74,77.74,77.72,85.6,0.7694,0.8078,0.7668,0.7792,0.7511
1428,Utah,1600000,79.2,83.8,75.4,59.9,30.6,67.96,68.8,56.96,59.27,59.5,59.63,0.5488,0.6492,0.2129,0.284,0.2632
1235,Iowa St,1564916.667,83.5,81.8,83.8,76.5,76.4,59.64,64.09,62.66,65.01,64.84,65.24,0.4097,0.494,0.4579,0.5146,0.4451
1243,Kansas St,1563746.667,73.8,65.8,73.1,77.6,78.4,82.3,71.42,75.04,76.82,78.85,77.19,0.8697,0.6047,0.7427,0.7887,0.828
1304,Nebraska,1525000,65.1,59.9,70,55.7,,52.6,52.37,52.13,55.52,59.18,58.27,0.2368,0.2339,0.1299,0.1782,0.3167
1208,Georgia,1507000,72.1,76.4,66.4,61.6,61.1,59.82,66.53,68.24,69.13,53.85,66.9,0.3724,0.5298,0.5888,0.6055,0.1063
1261,LSU,1506000,70.9,73.5,70.4,64.2,64.3,49.31,41.08,49.28,52.08,46.64,47.91,0.2023,0.0537,0.1353,0.1874,0.1188
1228,Illinois,1505500,59.7,69.5,70.9,69.7,67.4,,,,,,43.35,,,,,
1153,Cincinnati,1504477.5,80.9,72.6,80.4,76.7,75.1,46.02,50.48,55.36,57.89,62.63,64.03,0.0666,0.1015,0.2044,0.2821,0.3875
1199,Florida St,1501750,74.1,64.3,74.3,61.4,77.8,52.04,61.67,61.99,65.25,64.77,62.14,0.2196,0.4552,0.3504,0.44,0.4548
1143,California,1456500,80.9,61.5,70.2,72,76.9,63.38,65.57,65.38,69.59,67.18,66.11,0.4202,0.5055,0.458,0.583,0.519
1397,Tennessee,1425000,64.9,64.3,80,70,70,67.87,64.15,58.11,55.55,58.9,59.33,0.6689,0.4968,0.2698,0.1634,0.2472
1281,Missouri,1369375,55.5,48.2,72.5,79.5,85.7,44.18,51.2,54.92,54.14,46.88,39.75,0.1028,0.1148,0.2317,0.2086,0.0887
1449,Washington,1307270,73,61.5,61.7,68.2,70.5,79.68,76.83,81.28,79.71,83.11,84.51,0.8557,0.8079,0.87,0.8257,0.8543
1433,VA Commonwealth,1185625,78.7,78.1,82.3,80.2,72.3,46.22,50.69,52.55,52.54,54.08,59.4,0.1899,0.4821,0.6881,0.3305,0.3071
1211,Gonzaga,1104110.5,79.6,89.1,79.7,87.4,79.2,78.02,75.09,78.03,71.25,77.46,84.3,0.7927,0.6752,0.7781,0.589,0.7159
1160,Colorado,1003750,73.8,62.1,71.5,75.8,65.3,54.87,70.77,70.85,58.7,73.09,74.3,0.2178,0.6791,0.6818,0.2853,0.6966
1344,Providence,981911,73.1,75,73.4,68.9,56.1,63.57,65.96,64.4,61.06,65.2,68.38,0.5187,0.5567,0.3794,0.3161,0.4063
1323,Notre Dame,960701.6667,79.3,84.6,65.3,76.6,70.3,65,55.29,63.62,67.34,65.86,74.93,0.6208,0.2572,0.4026,0.5152,0.4991
1166,Creighton,945725,73.8,63.6,81.5,83.1,78.4,59.15,65.25,64.64,57.18,52.25,54.23,0.334,0.4618,0.4326,0.2427,0.1153
1307,New Mexico,931500,62.8,53.9,79.5,84,79.1,74.94,69.72,73.15,75.92,76.29,81.36,0.7603,0.6277,0.7156,0.8124,0.7141
1155,Clemson,923300,73.8,64.4,73.9,59.9,65.5,64.54,72.73,68.68,79.27,73.88,74.47,0.4822,0.6966,0.5465,0.8615,0.6788
1386,St Joseph's PA,902651,76.3,52.1,72.6,65.6,70.7,71.79,65.71,68.75,64.43,63.54,61.8,0.6776,0.4665,0.5878,0.4342,0.4238
1378,South Florida,877000,42.8,37.2,48.1,55.8,69.4,80.24,75.02,87.32,78.09,80.73,89.19,0.8591,0.7156,0.909,0.8016,0.8108
1269,Massachusetts,843667,49.2,59.8,76.4,65.6,68.6,48.03,48.78,55.15,50.34,56.9,58.58,0.1448,0.1501,0.2136,0.1447,0.2414
1462,Xavier,818219.6667,85,77.7,71.9,67.5,70.8,56.65,61.64,51.73,59.63,63.95,66.48,0.279,0.4073,0.1006,0.251,0.391
1361,San Diego St,809565,69.9,72.3,81.2,78.7,73.5,77.53,73.5,82.31,81.99,80.25,75.45,0.8015,0.6642,0.8697,0.8873,0.8196
1424,UNLV,795000,64.5,62,68.4,78.8,75.9,64.02,57.21,58.4,60.57,58.52,48.93,0.6623,0.3031,0.3503,0.3066,0.2926
1387,St Louis,731976,44.8,39.9,77.9,80.9,79.9,53.41,55.09,58.89,60.53,64.83,57.78,0.2723,0.2152,0.3061,0.3771,0.4744
1461,Wyoming,715008,51.2,60.5,60.2,64.7,65.4,57.4,59.37,61.98,59.47,55.3,61.41,0.354,0.2709,0.3682,0.3426,0.1802
1206,George Mason,714500,45.5,44.9,56.1,56,62.6,53.06,61.23,57.95,54.21,55.19,50.69,,,,,
1336,Penn St,709372,59.7,64.3,63.9,49.4,55.2,61.57,64.77,62.37,59.6,57.2,51.09,0.3662,0.4845,0.3452,0.2425,0.1708
1396,Temple,626701.5,68.4,69.6,51.1,71.5,77.3,71.94,76.04,71.94,78.73,75.19,68.48,0.6531,0.7927,0.5928,0.7453,0.7317
1129,Boise St,602451,68,71,70.3,74.5,54.1,75.98,76.39,78.92,76.27,76.34,74.46,0.7743,0.8056,0.8015,0.7482,0.7389
1412,UAB,597500,62.3,55.9,52,52.3,57.6,54.51,60.28,70.01,66.65,67.02,65.56,0.2609,0.3202,0.6314,0.4855,0.4907
1161,Colorado St,585000,55,68.8,57.2,78.5,67.6,44.75,54.47,53.27,55.77,59.1,52.03,0.0827,0.3022,0.1576,0.2312,0.3301
1125,Belmont,577353.3333,61.9,54.5,61.8,73.7,75.1,59.37,60.98,66.95,76.99,71.98,63.44,0.4138,0.3818,0.5371,0.7938,0.7233
1429,Utah St,571444,54.2,56.3,62.2,60.6,55.4,63.69,66.65,67.81,66.71,69.88,66.06,0.4304,0.4826,0.4134,0.4678,0.5521
1320,Northern Iowa,558000,63.1,82.9,61.1,69.4,65.6,63.21,62.52,62.84,72.16,74.39,70.7,0.5027,0.4375,0.4157,0.7076,0.6501
1209,Georgia St,499000,49.7,65.8,64.6,46.1,62.8,58.5,59.99,62.93,71.56,70,67.61,0.265,0.2993,0.4116,0.6076,0.546
1173,Dayton,493600.5,75,76.5,74.9,71.2,67.6,58.46,58.86,66.02,67.95,78.66,70.99,0.3162,0.3185,0.5577,0.4807,0.8102
1409,Tulsa,480606,75.2,64,64.4,52,66.1,83.97,93.43,84.54,88.03,83.22,91.37,0.8977,0.9594,0.8966,0.9345,0.8666
1318,Northeastern,461032,55.7,58.3,43.7,50.1,46.9,66.83,64.32,68.72,61.52,70.93,76.31,0.5188,0.4024,0.5331,0.2935,0.6077
1454,WI Milwaukee,459151,61,42.9,53,29.3,54.1,55.76,58.19,55.48,56.18,53.06,55.84,0.2927,0.3879,0.2124,0.2588,0.1947
1253,Long Beach St,445054,61.8,53.8,51.7,51.9,73.3,59.37,64.58,68.13,67.37,56.87,61.01,0.4327,0.6006,0.5976,0.6049,0.2551
1379,Southern Miss,438000,30.5,31.1,70.5,71.3,71.7,62.83,65.87,66.82,60.7,60.1,58.92,0.5147,0.5333,0.5423,0.3319,0.272
1139,Butler,434382,77.3,79.5,62,74.7,55.5,58.93,64.34,60.02,54.96,60.24,59.22,0.4374,0.565,0.3403,0.1907,0.3609
1388,St Mary's CA,396317,78.4,67.5,70.2,76.5,73.9,63.41,64.52,62.32,73.84,70.32,69.65,0.4016,0.3565,0.3305,0.6059,0.5687
1443,WKU,377000,47.7,56.1,50,50.6,46.2,49.65,57.8,54.38,52.45,53.23,44.95,0.1653,0.346,0.2357,0.1651,0.1616
1308,New Mexico St,371422.6667,59.4,61.4,66.1,66.4,70.1,62.65,59.05,64.63,63.45,60.47,61.84,0.528,0.2987,0.4061,0.374,0.2753
1350,Richmond,362339,66.4,70.6,66,63.4,59.6,62.92,59.41,62.6,53.37,66.66,70.87,0.5242,0.3638,0.3418,0.1521,0.5431
1248,Lafayette,356543.5,22.6,47.7,39,48.1,37.9,71.51,69.08,63.71,72.95,71.82,68.39,0.7026,0.6267,0.3804,0.694,0.6198
1172,Davidson,351315,63.3,74.4,58.3,68.3,68.9,55.42,52.4,55.23,47.13,50.45,51.86,0.2703,0.1561,0.2543,0.098,0.0732
1178,Detroit,341775,51.8,48.7,46,65.7,58.3,63.22,57.51,60.01,66.7,73.01,71.84,0.4491,0.2353,0.2777,0.5004,0.6564
1382,St Bonaventure,328465,68.2,60.5,66.3,58.2,69.4,53.14,55.69,61.03,60.4,61.62,65.51,0.2067,0.2189,0.3269,0.3268,0.3494
1107,Albany NY,320830,57.4,56.5,47.4,51.6,43.5,59.15,62.53,68.22,74.52,62.94,58.03,0.3969,0.4123,0.4731,0.6662,0.468
1103,Akron,320000,68,61.2,56.7,73.5,68.7,76.6,76.96,88.32,88.48,86.02,86.97,0.8101,0.7876,0.9502,0.9515,0.9058
1325,Ohio,315985,60.9,40.2,59.6,66.5,68.3,40.96,40.09,55.04,50.33,52.13,50.69,0.0749,0.0323,0.1983,0.1117,0.1297
1138,Buffalo,315112,57.7,70.2,62.1,47.4,63.1,58.67,57.32,63.09,63.15,60.67,58.57,0.3782,0.2716,0.3644,0.4393,0.3338
1444,W Michigan,312000,47.8,53.7,57.3,53.8,49.6,77.95,75.59,78.32,72.5,83.53,83.46,0.8034,0.635,0.7968,0.5941,0.8558
1414,UC Irvine,310000,63,62.1,61.4,54.9,36.2,66.06,65.42,64.27,62.1,61.09,58.86,0.476,0.3926,0.406,0.2993,0.2838
1114,Ark Little Rock,304038,72.8,39.7,42,45.6,47.2,67.52,66.08,74.22,71.5,65.69,66.23,0.5937,0.4085,0.6169,0.6378,0.419
1259,Loyola MD,289354,30.2,29.6,29.2,57,59.9,61.63,56.59,50.01,49.16,60.7,66.47,0.4791,0.2068,0.1006,0.0733,0.3035
1434,Valparaiso,285927,77.5,67.3,52.3,70.1,56.3,76.42,73.58,76.31,72.54,67.47,70.87,0.735,0.7072,0.7845,0.6093,0.4745
1372,SF Austin,276250,65.9,71.1,67.1,65.7,47.8,61.02,62.57,56.78,58.98,60.84,53.94,0.4153,0.5446,0.2138,0.2302,0.3153
1157,Coastal Car,275171.5,54.5,57,47.4,43.1,49.7,57.18,59.52,60.3,64.73,59.36,58.45,0.3638,0.42,0.3363,0.4367,0.2379
1184,E Kentucky,269630,45.4,55.6,56.8,59.7,38.6,62.56,63.97,69.73,73.1,72.38,79.36,0.3998,0.3789,0.5463,0.5551,0.6478
1330,Old Dominion,269000,59.4,70.3,50,31.2,62.8,74.01,78.76,77.59,84.18,82.48,79.43,0.73,0.8537,0.7397,0.9111,0.8989
1142,Cal Poly SLO,240813,46.8,49.7,47.4,52.8,48.9,73.93,77.44,76.08,74.94,73.9,79.65,0.7239,0.8025,0.7241,0.6383,0.6477
1264,Manhattan,237636,37.6,49.8,67.5,47.9,57.8,59.37,71.81,74.54,66.78,74.01,63.52,0.4395,0.74,0.7459,0.466,0.7002
1364,Santa Barbara,234270,57.6,60.3,61.1,42.9,60.5,76.09,71.68,73.68,73.01,69.03,75.73,0.7575,0.6653,0.6117,0.6425,0.4495
1411,TX Southern,215000,47,45.1,36.7,49.2,34,80.59,85.81,81.19,86.69,83.83,82.13,0.8475,0.9319,0.8705,0.9408,0.8715
1352,Robert Morris,210022,30,47.5,47.1,54.2,54.9,40.91,31.64,37.65,29.96,41.17,50.39,0.0784,0.0158,0.0686,0.0047,0.0317
1324,Oakland,209750,67.1,50,47.1,45.8,51.1,61.33,57.41,58.76,57.27,58.05,62.34,0.5969,0.2785,0.3346,,
1293,Murray St,207930,50.7,69.7,55.2,59.2,73.2,56.97,61.53,62.22,60.02,56.4,57.98,0.3379,0.3363,0.3828,0.2355,0.2413
1316,North Florida,202277,52.9,55,36.8,37.7,45.2,,,,,,,,,,,
1451,Weber St,196528,59.2,36.5,51.8,62.8,61,51.71,55.77,62.92,72.18,75.5,71.84,0.1403,0.2381,0.3558,0.3527,0.1747
1300,NC Central,195567,31.4,58.2,62,51.3,73.7,64.83,73.47,79.36,61.99,63.59,66.89,0.4276,0.7114,0.8435,0.6663,0.8141
1232,Indiana St,194500,51.4,48.8,60.2,63.5,56.5,70.83,68.45,65.53,60.58,61.98,54.86,0.7421,0.5802,0.5215,0.3711,0.3779
1315,North Dakota,191773.5,46.1,28.9,39.9,37.1,39.1,64.08,63.5,61.85,58.89,65.05,70.26,0.5589,0.5718,0.354,0.3584,0.3189
1287,Morehead St,179700,58.4,50.2,48.8,44.1,45.1,70.35,66.68,60.16,59.72,62.64,62.76,0.7236,0.5748,0.2864,0.1772,0.3437
1186,E Washington,174020,46.9,55.7,41.5,28.1,43.6,53.91,61.44,65.61,67.52,66.12,66.32,0.1754,0.3355,0.5047,0.3204,0.3579
1436,Vermont,170000,50.5,55.7,62.3,54.1,56.3,75.15,66.09,69.74,51.24,49.63,49.07,0.7818,0.3785,0.5848,0.4496,0.4065
1137,Bucknell,166819,50.2,45.8,50.3,71.1,63,54.4,52.25,47.34,50.04,51.17,48.11,0.2916,0.189,0.0927,0.136,0.1253
1459,Wofford,166143.5,45.8,64.1,49,39.6,46,49.82,55.07,48.23,61.7,65.91,66.8,0.1476,0.3076,0.1158,0.0983,0.145
1285,Montana,166096,52.2,50.4,43.9,56.4,63.8,55.79,56.32,58.45,50.94,52.03,53.4,0.3832,0.3506,0.3237,0.3821,0.5004
1249,Lamar,150000,31,36.9,18.1,13.8,61.1,54.6,52.25,57.35,80.33,76.05,84.32,0.2787,0.1906,0.2974,0.1342,0.16
1377,South Dakota,150000,43.5,43.4,40.9,37.9,31.2,53.16,58.48,59.09,75.8,74.26,65.06,0.1413,0.2756,0.281,0.4435,0.2241
1427,UT San Antonio,130740,20.5,43.8,27.8,37.4,49.4,70.84,76.57,78.46,64.37,57.89,61.7,0.5598,0.721,0.7786,0.8318,0.7007
1106,Alabama St,127717,29.8,37.7,31.7,21.8,21.7,71.79,73.25,67.53,88.88,85.88,75.13,0.6396,0.7759,0.5372,0.7351,0.6773
1313,Norfolk St,125500,36,48.3,37.4,41.2,47.8,54.72,54.48,53.56,69.87,70.53,73.65,0.3573,0.3576,0.3194,,
1421,UNC Asheville,106750,59.2,41.9,44.7,48.9,62.1,84.73,77.99,78.45,72,76.8,77.83,0.8954,0.7742,0.7342,0.9438,0.9072
1290,MS Valley St,87500,18,14.9,18,18.5,40.3,62.54,65.73,68.12,82.67,76.72,75.6,0.4717,0.4768,0.6166,0.6638,0.5664
1294,N Colorado,85000,29.4,38.7,44.4,37.9,36.2,71.16,69.05,74.01,81.58,81.23,74.85,0.7005,0.6276,0.7342,0.6664,0.748
1101,Abilene Chr,,29.9,26.3,27.3,,,81.55,83.28,81.47,62.61,58.65,64.54,0.8971,0.8649,0.8548,0.8709,0.6855
1102,Air Force,,42.7,45.5,42.8,63.8,50.9,81.07,82.5,83.08,49.84,64.22,67.38,0.8906,0.8836,0.876,0.8641,0.8561
1105,Alabama A&M,,29.4,22.7,27.7,22.5,16.7,64.08,63.16,67.2,51.83,47.17,55.62,0.5804,0.4803,0.5207,0.3058,0.2486
1108,Alcorn St,,28.1,15.3,24.8,26.1,19.4,58.85,55.29,48.54,57.55,60.48,65.45,0.4203,0.249,0.1241,0.105,0.4087
1109,Alliant Intl,,,,,,,52.57,51.12,47.73,62.56,63.04,58.62,0.3488,0.1827,0.184,0.1577,0.0731
1110,American Univ,,27.9,45,55.4,32.3,48.6,54.26,50.14,56.37,68.4,61.89,69.67,0.2829,0.1407,0.2059,0.198,0.3227
1111,Appalachian St,,35.2,34,25.3,38.4,40,50.86,52.69,52.11,88.41,89.47,91.73,0.2076,0.2043,0.1867,0.3905,0.3983
1115,Ark Pine Bluff,,20,26.6,25.9,35.2,21,70.71,60.74,59.05,81.52,81.32,84,0.7303,0.4105,0.2864,0.478,0.2975
1117,Arkansas St,,39.8,33.9,50.4,52.5,45.9,87.45,82.3,83.47,51,51.84,53.21,0.9354,0.8964,0.9018,0.9302,0.9423
1118,Armstrong St,,,,,,,74.23,73.41,77.03,69.48,68.9,72.66,0.7955,0.6584,0.7918,0.8749,0.8602
1119,Army,,44.7,37.6,41.1,49.6,30.7,55.9,46.8,51.55,78.54,92.68,89.11,0.3222,0.0985,0.1054,0.0865,0.138
1120,Auburn,,52.4,55.8,59.8,46.9,56.5,63.13,67.24,63.54,78.82,75.45,69.15,0.4699,0.6246,0.4065,0.5846,0.6027
1121,Augusta,,,,,,,85.24,93.15,84.53,68.17,60.54,62.41,0.9106,0.9757,0.9028,0.7463,0.969
1122,Austin Peay,,38.9,26.2,31.6,29.3,44.3,59.83,70.55,71.28,44.03,69.08,61.45,0.2509,0.6253,0.6226,0.7949,0.7535
1123,Ball St,,56.5,35.4,29.4,39.4,45.9,53.86,62.28,61.28,69.33,72.81,62.93,0.1607,0.4231,0.3678,0.5166,0.3398
1126,Bethune-Cookman,,31,23.4,17.4,33.5,35.1,48.51,53.8,48.16,60.71,60.75,60.3,0.1889,0.3055,0.1004,0.0484,0.6319
1127,Binghamton,,25,22.1,21,15.2,12.2,67.26,64.67,60.57,56.49,59.34,65.4,0.5028,0.4201,0.306,0.6362,0.7314
1128,Birmingham So,,,,,,,55.04,48.39,56.26,63.29,77.33,71.29,0.2619,0.1259,0.2294,0.2817,0.2488
1130,Boston College,,43.9,59.9,53.3,61.8,39.7,54.9,55.44,58.53,67.55,69.16,69.23,0.2722,0.2317,0.3102,0.2268,0.398
1131,Boston Univ,,43.4,39.7,57.2,52.6,46.8,64.97,65.74,65.1,48.85,45.05,52.79,0.6768,0.5406,0.5264,0.4995,0.8261
1132,Bowling Green,,43.6,60,44.7,43.3,58,55.12,54.93,53.32,49.35,52.55,53.28,,,,,
1133,Bradley,,27,38.4,44.1,54,39,53.51,52.52,47.11,70.53,65.76,59.78,0.2409,0.2024,0.0955,0.11,0.085
1134,Brooklyn,,31.1,32.1,24,48,53.4,65.15,71.49,78.16,,,,0.5306,0.7166,0.8183,0.6702,0.4322
1135,Brown,,34.4,37.1,50.7,38.6,25.7,84.36,83.45,92.85,94.56,86.86,86.48,0.9204,0.8882,0.952,0.9713,0.9028
1136,Bryant,,20.8,38,44.4,51.1,15.1,61.35,58.61,65.27,65.33,70.76,64.13,0.3578,0.2369,0.4336,0.3928,0.5665
1140,BYU,,72,76.1,73.1,67.7,71.1,56.44,58.42,56.67,69.63,70.44,66.19,0.2513,0.1967,0.2019,0.6165,0.588
1141,C Michigan,,55,64.1,32.4,36,37,65.32,68.38,60.12,65.86,60.75,68.68,0.4522,0.5689,0.3136,0.4718,0.2235
1144,Campbell,,34.4,33.6,27,33.2,43.6,73.39,77.04,74.9,73.12,73.08,65.9,0.7316,0.7883,0.7558,0.6521,0.6733
1145,Canisius,,42.7,51.7,55.7,58.2,20.4,53.29,52.87,56.78,,,,0.1924,0.8094,0.8929,0.8099,0.7727
1146,Cent Arkansas,,30.1,10.7,23.6,30.1,21.1,48.06,47.02,49.77,58.67,57.77,62.01,0.1318,0.0806,0.1025,0.2864,0.2334
1147,Centenary,,,,,,,59.64,68.53,74.65,70.33,68.84,56.84,0.3259,0.5223,0.7495,0.5583,0.5749
1148,Central Conn,,12.1,16.7,23.8,35.4,40.9,56.94,58.69,63.83,63.06,61.57,56.18,0.2374,0.2102,0.4065,0.3314,0.2988
1149,Charleston So,,34.6,48.6,44.8,52.9,50.9,72.44,70.28,77.23,82.26,84.63,82.6,0.6947,0.6091,0.7162,0.8711,0.8932
1150,Charlotte,,48.4,54.2,51.5,61.4,53.9,66.93,58.03,60.77,65.35,73.69,74.87,0.5892,0.2758,0.3166,0.3911,0.709
1151,Chattanooga,,66.9,55.3,37.7,32,38.9,81.23,77.93,79.86,79.59,74.49,81.22,0.8796,0.815,0.7972,0.8011,0.5819
1152,Chicago St,,22.4,24.6,31.8,32,19.3,65.77,67.38,74.96,74.9,75.67,66.27,0.4584,0.5494,0.7639,0.6884,0.7393
1154,Citadel,,27.8,28.3,20.8,23.3,23.9,47.76,52.16,52.44,53.22,60.63,65.17,0.1293,0.2435,0.1821,0.1775,0.369
1156,Cleveland St,,34.4,60.4,64.7,37.5,63.9,50.59,57.38,50.25,44.91,48.79,49.12,0.1726,0.4312,0.1105,0.0519,0.1066
1158,Col Charleston,,59.7,33.8,44.6,54.3,54.8,72.34,72.47,78.21,81.52,87.68,74.91,0.6694,0.6494,0.8093,0.8499,0.9075
1159,Colgate,,38.5,48,45.3,33.3,21.3,59.13,63.71,72.92,71.6,74.24,64.86,0.4681,0.4336,0.6825,0.5988,0.6921
1162,Columbia,,61.8,50,58.1,43.9,46.9,83.42,78.32,76.05,84.97,80.82,79.82,0.9026,0.7842,0.7276,0.9033,0.7866
1164,Coppin St,,26.1,25.4,30.3,25.3,31.8,58.89,62.31,62.6,60.83,64.6,66.21,0.3068,0.4017,0.3562,0.2867,0.3978
1165,Cornell,,34.8,45.3,20,36.7,44.2,77.9,77.23,86.16,89.7,82.11,85.76,0.8067,0.703,0.904,0.9427,0.8588
1167,CS Bakersfield,,58.6,40.8,40.2,37.7,40.1,90.02,83.93,86.83,87.92,90.05,82.06,0.9432,0.8901,0.9074,0.9298,0.9478
1168,CS Fullerton,,35.3,32.4,37.5,46.2,52.4,69.01,77.94,81.28,81.5,79.77,79.08,0.5013,0.757,0.7803,0.8677,0.7913
1169,CS Northridge,,38.9,35.6,38.6,43.7,29.5,72.8,75.59,73.09,81.84,76.12,77,0.706,0.778,0.6859,0.8422,0.7017
1170,CS Sacramento,,35.7,47,35.9,32.8,31.1,74.63,68.3,64.79,61.56,74.32,75.04,0.7384,0.4562,0.3862,0.2878,0.6943
1171,Dartmouth,,40.8,46.3,42.2,31.9,26.4,66.53,65.01,73.52,82.26,86.12,81.53,0.4776,0.3912,0.714,0.8582,0.9179
1174,Delaware,,33.3,36.1,62.1,50.1,51.6,53.5,55.62,55.69,53.2,56.33,55.81,0.2832,0.0845,0.1393,0.1785,0.0716
1175,Delaware St,,18.4,39.1,29.2,32.1,40.3,60.71,59.27,66.58,65.59,71.43,76.85,0.3382,0.2934,0.5112,0.4064,0.6656
1176,Denver,,47.8,44.4,56,71.8,68.5,71.36,64.03,57.83,54.71,60.32,56.16,0.7428,0.4545,0.2721,0.161,0.2614
1177,DePaul,,48,53.3,51.7,49.8,52.2,62.53,61.7,60.37,65.28,71.8,66.39,0.5386,0.4949,0.3597,0.5605,0.6554
1179,Drake,,35.8,37.8,48.4,58.4,56.8,52.87,50.51,52.37,54.69,53.89,57.23,0.2973,0.1689,0.1826,0.1772,0.1896
1180,Drexel,,37.1,38.8,57.1,48.1,69.5,63.43,65.91,60.89,59.85,64.41,72.95,0.589,0.5099,0.455,0.3441,0.4304
1182,Duquesne,,56,46.2,55.3,39.4,59.5,51.85,47.04,61.67,62.08,57.69,60.16,0.208,0.1097,0.3643,0.4049,0.2696
1183,E Illinois,,38.3,45.7,27.8,32.2,31.8,,,,,,,,,,,
1185,E Michigan,,54.3,54.4,57.8,41.8,37.1,40.07,39.17,41.72,45.98,57.53,52.68,0.1031,0.0615,0.087,0.0744,0.31
1187,East Carolina,,50.9,43.5,40.8,55.8,56.2,56.25,60.21,64.6,64.73,56.9,58.27,0.3004,0.3705,0.4321,0.4187,0.2085
1188,Edwardsville,,27.5,39.8,29.7,30.8,27,66,65.03,72.83,77.32,74.14,66.8,0.5341,0.5068,0.7065,0.7966,0.7798
1189,Elon,,53.3,38.7,46.5,47.1,38.7,62.09,74.07,70.13,66.79,76.08,70.55,0.4852,0.7774,0.6003,0.5414,0.8344
1190,ETSU,,53.2,46.1,40.1,28,51.3,50.83,56.09,58.91,59.59,57.85,68.48,0.1676,0.3002,0.3201,0.3075,0.2578
1191,Evansville,,67.4,63.5,45.3,63.8,60.6,61.47,66.26,75.77,70.71,65.03,65.32,0.5295,0.5456,0.7469,0.6892,0.4537
1192,F Dickinson,,36,24.3,29.5,21.5,14.5,63.51,64.04,63.88,53.32,53.02,57.85,0.506,0.4546,0.3747,0.1182,0.107
1193,Fairfield,,45.5,31.2,32,49.9,59.1,56.97,59.82,55.22,62.23,,,0.3374,0.3334,0.18,0.311,
1194,FL Atlantic,,28,34.4,40.1,40.4,44.3,61.17,60.47,55.83,52.97,51.46,58.37,0.4105,0.286,0.1913,0.1457,0.0927
1195,FL Gulf Coast,,47.2,49.7,47.1,56.2,47.1,46.47,47.6,49.04,61.01,54.44,54.3,0.1323,0.1037,0.1012,0.3593,0.1802
1197,Florida A&M,,15,8.3,28.7,21.3,22.4,51.64,66.62,71.6,61.97,60.45,53.29,0.2301,0.6326,0.7007,0.4815,0.3888
1198,Florida Intl,,43.6,36.4,41.2,48.5,37.5,76.39,80.59,78.42,81.63,82.34,75.22,0.7446,0.8204,0.7628,0.8452,0.8053
1200,Fordham,,55,46.2,47.3,37.1,39.1,,,,,,,,,,,
1201,Fresno St,,60.2,45.3,58.8,58.4,48,62.16,58.66,61.87,52.44,48.74,,0.5701,0.315,0.4303,0.1623,0.0949
1202,Furman,,50.7,37.5,21.9,21,39.7,73.73,71.7,79.44,71.95,71.12,77.42,0.69,0.5598,0.7874,0.5789,0.5316
1203,G Washington,,72.5,66.9,75.5,57.3,48.3,64.14,58.76,67.52,66.45,71.89,67.43,0.5823,0.2628,0.5346,0.4641,0.663
1204,Ga Southern,,43.7,54.3,32.9,35.3,39.1,60.96,61.23,53.12,57.09,57.2,57.57,,,,,
1205,Gardner Webb,,43.1,45.7,42.9,51,34.2,66.71,66.45,80.59,80.9,84,80.23,0.6008,0.5298,0.8472,0.8812,0.8715
1210,Georgia Tech,,74.2,65.8,58.9,62.1,50.9,64.99,68.68,71.69,72.85,76.37,68.99,0.6309,0.6509,0.7255,0.6771,0.7475
1212,Grambling,,19.8,8.7,13,3.9,8.6,50.62,51.51,49.96,47.81,,,0.195,0.2015,0.1748,0.0537,
1213,Grand Canyon,,60.2,40.7,38.2,57.1,47.6,54.3,57.69,58.49,68.55,60.1,58.85,0.1788,0.2499,0.2757,0.5662,0.3113
1214,Hampton,,37.9,35.9,43.1,30.4,29.9,47.12,49.47,53.63,54.8,48.8,61.23,0.1216,0.1396,0.2083,0.2056,0.1388
1215,Hardin-Simmons,,,,,,,59.98,64.37,53.96,56.65,53.66,53.38,0.4305,0.484,0.1775,0.2634,0.1864
1216,Hartford,,23.9,33.9,41.3,42.2,26.2,54.63,58.6,59.28,61.9,62.13,56.12,0.3064,0.4317,0.3104,0.3927,0.455
1217,Harvard,,46.5,65.8,76.5,59.6,73.6,86.93,85.42,82.62,83.1,89.32,87.49,0.9302,0.9029,0.8592,0.856,0.9294
1218,Hawaii,,69.6,57.7,56.4,46.7,46.7,58.71,51.38,57.85,59.3,56.9,54.1,0.4153,0.1813,0.301,0.3063,0.2819
1219,High Point,,58.8,56.1,40.4,45.1,40.9,61.64,66.22,59.18,60.88,62.67,60.53,0.5118,0.5454,0.3019,0.2959,0.4398
1220,Hofstra,,65,57.1,36.9,27.7,42.4,53.62,58.72,59.84,60.46,66.33,67.74,0.2183,0.3201,0.3519,0.2596,0.4882
1221,Holy Cross,,28.2,39.8,49.5,37.8,41.8,65.25,67.99,63.48,65.46,66.41,67.2,0.565,0.6007,0.4059,0.4527,0.424
1222,Houston,,69.5,44.2,56.7,50,50.1,47.23,62.78,58.5,52.43,49.68,66.39,0.1162,0.4719,0.2957,0.1971,0.0634
1223,Houston Bap,,38.2,31.7,20,29,27.8,73.28,78.81,71.25,74.95,73,74.26,0.7033,0.9026,0.6575,0.7376,0.7046
1224,Howard,,28.2,35.8,21.1,20.9,25.8,74.57,72.6,72.66,70.68,77.29,81.23,0.7134,0.591,0.5628,0.5727,0.7466
1225,Idaho,,43.4,39.7,36.7,46.7,52.4,53.37,57.55,63.56,65.1,59.97,59.91,0.1692,0.3455,0.4814,0.5485,0.3298
1226,Idaho St,,35,26.5,37.8,21.8,27.9,80.09,85.73,74.74,81.27,80.61,86.6,0.8458,0.9231,0.6414,0.8421,0.8149
1227,IL Chicago,,24.3,33.9,34.6,51.6,30.9,71.07,63.65,64.04,62.1,69.76,76.61,0.6995,0.4848,0.418,0.3664,0.5268
1229,Illinois St,,57.5,70.3,54.2,68.5,63.1,67.31,60.62,68.27,73.42,77.23,69.07,0.591,0.345,0.5567,0.6889,0.7826
1230,Incarnate Word,,39.7,44.2,40.5,,,76.09,82.35,83.61,88.8,92.27,94.91,0.7536,0.864,0.8795,0.9333,0.9545
1233,Iona,,61.4,60.4,66.8,62.9,71.3,,,,,,,,,,,
1236,IPFW,,57.7,49.4,56.1,37.9,32.5,83.93,82.85,80.28,76.92,73.24,72.2,0.9256,0.8977,0.8416,0.7995,0.6283
1237,IUPUI,,43.5,31.9,26.3,24.5,44.3,69.6,75.25,81.66,79.39,74.66,78.58,0.6981,0.7832,0.8673,0.8729,0.6809
1238,Jackson St,,41,29.2,30.1,27.9,21.1,67.71,72.24,66.84,62.55,73.16,79.77,0.5702,0.7273,0.4732,0.2519,0.6473
1239,Jacksonville,,35.2,23.3,30.4,33.5,35,60.37,62,59.93,64.68,71,68.83,0.4817,0.4173,0.434,0.5343,0.6674
1240,Jacksonville St,,30.5,31.1,27.6,46.7,40.6,81.69,78.03,81.46,80.53,81.14,76.57,0.8844,0.8043,0.8541,0.8637,0.7727
1241,James Madison,,67.7,47.7,36.8,48.2,37.3,74.97,67.97,71.19,71.19,74.41,70.13,0.7582,0.5988,0.6053,0.6661,0.6623
1244,Kennesaw,,37.2,23.2,19.3,17.2,22.5,61.87,61.72,66.57,66.14,57.01,64.98,0.3397,0.3009,0.5142,0.5792,0.2357
1245,Kent,,53.4,59.3,48.2,57.9,61.9,61.05,58.34,60.99,61.64,70.46,63.76,0.3075,0.2431,0.2864,0.2958,0.5724
1247,La Salle,,37.1,62.7,60.9,72,71.9,70.33,76.06,74.68,71.75,72.86,82.48,0.5786,0.6736,0.6929,0.5261,0.5862
1250,Lehigh,,46.2,44.4,36.9,60.8,63.7,68.01,67.21,65.33,61.2,59.7,63.38,0.5818,0.5475,0.4702,0.3633,0.2166
1251,Liberty,,35.4,24.4,33.3,36.2,31.4,80.46,74.81,83.75,84.06,79.07,88.24,0.8217,0.6836,0.8848,0.9148,0.7461
1252,Lipscomb,,35.9,32.7,33.8,33.1,41.8,62.43,67.97,68.93,60.68,60.77,69.28,0.3821,0.5235,0.6034,0.2726,0.2269
1254,Long Island,,,,,,,54.14,57.03,56.7,52.86,60.8,57.84,0.3175,0.3068,0.2653,0.1729,0.3767
1255,Longwood,,32.6,27.8,21,21,22.7,44.03,52.94,47.89,49.44,48.48,48.63,0.1027,0.2143,0.1618,0.1179,0.0961
1256,Louisiana Tech,,56.1,66,73.8,64.8,46.3,49.6,50.63,46.38,51.65,60.85,58.1,0.1476,0.1532,0.0724,0.0841,0.2818
1258,Loy Marymount,,44,38.3,46.7,43.1,56,75.24,68.74,70.61,71.68,73.87,72.54,0.7752,0.5284,0.6339,0.675,0.6798
1260,Loyola-Chicago,,48.9,56.5,37.3,50.9,29.5,75.14,78.82,79.91,75.94,71.42,72.04,0.7727,0.8225,0.7777,0.7428,0.6329
1262,MA Lowell,,27,30.4,28.4,26.2,13.9,83.47,78.43,75.64,77.82,83.82,86.24,0.8858,0.7795,0.6506,0.7596,0.8439
1263,Maine,,21.4,16.9,20.5,33.5,33.9,56.6,64.48,65.38,64.29,66.6,65.18,0.2302,0.4622,0.5357,0.4086,0.5403
1265,Marist,,29.4,27,40.9,37.7,36.8,57.58,61.82,58.59,54.09,54.4,49.99,0.3785,0.4889,0.3261,0.184,0.1275
1267,Marshall,,57.2,38.2,41.5,45.5,68.9,73.83,76.09,71.71,66.35,67.21,73.06,0.7173,0.7585,0.6262,0.4294,0.3817
1270,McNeese St,,22,32.5,28.3,31,44,57.65,62.76,55.72,56.88,69.07,69.84,0.2959,0.4017,0.1745,0.1287,0.5373
1271,MD E Shore,,26.7,43.7,18.9,12.8,22.2,72.31,74.76,71.73,74.07,72.25,81.63,0.6829,0.7595,0.6659,0.6754,0.625
1273,Mercer,,53.7,49.6,62.3,58.3,60.3,61.03,65.65,61.32,66.52,65.82,69.61,0.4144,0.5155,0.3804,0.5152,0.3764
1274,Miami FL,,85.1,73.7,65.6,83.4,74.4,55.53,65.18,64.6,69.83,69.02,65.27,0.2018,0.4638,0.4927,0.5345,0.6136
1275,Miami OH,,40.3,44.8,43.1,39.6,45.1,54.83,64.72,66.83,74.1,72.22,76.26,0.2009,0.3894,0.4847,0.6258,0.6289
1278,Minnesota,,54.5,71.5,73.9,77.6,70.2,52.82,47.59,47.79,46.86,46.54,52.12,0.2689,0.1137,0.0926,0.0742,0.0612
1280,Mississippi St,,68.4,54.5,46.3,42.6,69.4,69.43,70.42,68.83,71.99,76.43,67.01,0.7427,0.66,0.5605,0.6549,0.7494
1282,Missouri KC,,36.1,35.2,33.9,29.3,32.6,65.52,62.13,67.43,67.03,63.18,65.46,0.546,0.3609,0.5044,0.4791,0.3443
1283,Missouri St,,42.6,40.8,56.6,46.1,62.4,56.84,58.45,54.04,57.13,60.78,57.76,0.2401,0.3499,0.2019,0.2515,0.3329
1284,Monmouth NJ,,68,47.7,34,28.9,31.2,60.34,66.89,61.63,57.53,56.68,66.71,0.4262,0.6748,0.4287,0.341,0.2156
1286,Montana St,,35,25.5,33.4,30.3,33.5,55.62,56.85,55.44,57.77,58.33,55.14,0.3691,0.2535,0.1722,0.2041,0.2406
1288,Morgan St,,27.8,21.2,41.5,40.3,34.6,58.87,70.66,68.68,68.13,66.97,59.25,0.2642,0.6031,0.5421,0.4836,0.3777
1289,Morris Brown,,,,,,,73.86,77.73,81.54,78.01,76.58,86.76,0.7701,0.8327,0.8856,0.8451,0.7472
1291,Mt St Mary's,,36.6,42,40.1,42.7,28.3,62.04,68.84,73.8,69.31,72.91,70.24,0.4132,0.4985,0.6778,0.5705,0.5361
1292,MTSU,,54.3,49.3,63.5,74.5,71.2,55.94,50.74,54.45,53.31,60.74,65.67,0.2783,0.0521,0.1923,0.1566,0.2552
1295,N Dakota St,,52.3,51,69,64.4,51.7,67.64,67.95,66.87,60.83,71.38,68.61,0.6691,0.3631,0.2552,0.1644,0.2191
1296,N Illinois,,56.3,46.5,45.6,26.8,20.4,59.9,67.15,69.17,74.1,62.55,76.53,0.3197,0.3991,0.5119,0.7348,0.2334
1297,N Kentucky,,38.4,39.8,28.3,35.4,21.1,50.43,48.16,57.65,61,65.03,58.98,0.1974,0.1054,0.2621,0.3911,0.4621
1298,Navy,,45.8,36.9,27,27.4,29.1,51.44,62.75,65.53,64.38,66.32,53.5,0.1781,0.517,0.4922,0.6506,0.3012
1299,NC A&T,,22.5,21.5,21.1,39.8,43.9,51.86,49.99,52.22,56.32,54.84,61.68,0.1962,0.192,0.1866,0.2388,0.1742
1302,NE Illinois,,,,,,,47.17,60.78,61.01,62.84,60.88,57.05,0.1143,0.3581,0.3595,0.3726,0.3334
1303,NE Omaha,,56.5,36.1,49.6,23.3,,52.95,60.04,57.78,60.21,64.14,58.59,0.2193,0.328,0.3294,0.3263,0.3357
1305,Nevada,,58.2,35.1,55.2,49.9,63.7,79.07,69.16,76.1,71.94,78.08,80.03,0.8545,0.619,0.6493,0.5936,0.7601
1306,New Hampshire,,42,45.2,24.6,33.1,31.4,74.78,73.9,71.36,68.91,66.82,63.57,0.7641,0.8002,0.7587,0.7567,0.5289
1309,New Orleans,,29.6,30.5,31.5,21.4,,68.35,61.56,75.23,57.12,62.85,63.85,0.6595,0.2828,0.5173,0.1989,0.3336
1310,Niagara,,24.3,28.4,33.6,54.5,38,81.21,79.88,79.69,66.48,65.63,70.89,0.8819,0.8558,0.8513,0.4424,0.3873
1311,Nicholls St,,22.9,24.2,28.7,28.3,28.1,56.26,54.18,59.54,63.36,61.21,59.08,0.3021,0.2254,0.2871,0.4122,0.3743
1312,NJIT,,47.6,47.6,29.3,40.2,34,76.61,74.13,70.63,63.7,69.79,71.4,0.7806,0.7263,0.6024,0.3766,0.4907
1317,North Texas,,32.1,40.8,40.5,37.9,51.6,57,61.86,58.94,58.61,59.1,56.94,0.3937,0.382,0.2994,0.2806,0.2337
1319,Northern Arizona,,24.6,48.2,38.4,30.3,19.8,62.66,59.33,66.47,71.04,80.15,72.54,0.3629,0.2323,0.4334,0.5312,0.8113
1321,Northwestern,,68.4,58.9,56.4,54.9,71.3,52.89,56.94,74.38,75.05,73.47,76.47,0.1755,0.1872,0.7596,0.7473,0.7318
1322,Northwestern LA,,27.4,41.8,47.2,57.2,41.3,52.32,53.3,59.04,60.08,46.91,40.03,0.3469,0.2799,0.3969,0.4865,0.1172
1327,Okla City,,,,,,,45.85,53.09,45.71,52.72,62.26,60.11,0.1074,0.2048,0.0541,0.1725,0.3291
1331,Oral Roberts,,49.7,45.5,46.1,53.3,65.4,73.12,70.4,71.52,72.21,78.67,70.14,0.7187,0.6147,0.6848,0.5884,0.7778
1333,Oregon St,,70.6,59.9,63.5,63.2,65.9,57.91,64.77,63.97,59.98,62.58,61.83,0.2823,0.5229,0.4163,0.3555,0.4009
1334,Pacific,,41.6,39.8,54.1,59.5,35.2,54.45,58.46,54.79,52.56,52.26,55.98,0.2183,0.3687,0.1854,0.1103,0.1483
1335,Penn,,39.3,35,35.1,33.6,57.2,61.59,75.16,78.63,73.04,70.2,83.61,0.3498,0.778,0.7482,0.6306,0.5258
1337,Pepperdine,,58.6,57.8,52.6,40.6,33.3,78.83,67.07,78.66,76.31,76.32,69.25,0.837,0.4876,0.7852,0.6943,0.7462
1339,Portland,,44.9,53.3,59.9,37.4,33.3,61.66,59.49,78.33,84.9,83.25,73.82,0.3369,0.2263,0.8179,0.893,0.8982
1340,Portland St,,36.6,39.3,37.9,28.2,45.2,75.09,72.71,74.24,83.06,79.45,77.76,0.8389,0.69,0.7177,0.8712,0.8037
1341,Prairie View,,18.7,31.5,24.7,29.5,27.3,63.18,64.6,61.37,57.79,53.51,72.26,0.4132,0.4424,0.3479,0.2061,0.1137
1342,Presbyterian,,28.7,24.9,16.3,21.5,39.1,75.09,79.93,78.96,76.53,84.65,73.79,0.7242,0.799,0.8161,0.812,0.8179
1343,Princeton,,69.2,50.6,60.1,59.3,59.8,50.32,48.91,50.17,63.07,56.6,55.14,0.2098,0.1101,0.1098,0.3515,0.3043
1346,Quinnipiac,,29.8,48.3,53.3,41.9,50.3,70.15,64.67,65.39,73.36,68.44,64.32,0.7307,0.5699,0.4673,0.7941,0.5533
1347,Radford,,46.3,51.1,42.5,30.6,24,79.36,77.3,82.68,87.73,88.39,88.14,0.8147,0.7557,0.8905,0.9247,0.9363
1348,Rhode Island,,69.7,72.3,58,47.5,42.1,62.93,61.36,59.05,53.63,51.33,57.64,0.5269,0.3955,0.3713,0.1521,0.1321
1349,Rice,,34.9,39.7,27.8,23.9,56.9,68.02,73.86,61.04,62.07,68.95,67.44,0.5624,0.7378,0.3478,0.2616,0.5091
1351,Rider,,41.7,50.5,41.2,50,41.1,72.1,76.61,69.82,78.91,78.51,80.83,0.6993,0.7641,0.5023,0.7829,0.8086
1353,Rutgers,,36.2,47.3,50.5,61.4,58.4,71.19,72.9,86.22,76.44,77.56,77.18,0.6597,0.6538,0.9124,0.7214,0.7691
1354,S Carolina St,,35.4,23.9,20.6,18.4,15.6,60.68,48.32,56.63,65.31,66.16,60.62,0.5172,0.1057,0.2371,0.4807,0.5138
1355,S Dakota St,,69,59.2,52.6,60.2,66.6,60.04,56.58,57.14,59.05,62.31,64.98,0.4553,0.3128,0.2977,0.2484,0.3986
1356,S Illinois,,58.2,42.9,48.4,51.2,41.1,81.2,79.71,76.75,72.65,79.18,87.06,0.8704,0.8475,0.8007,0.6743,0.8313
1357,Sacred Heart,,28.9,39.1,21.7,31.7,38.8,80.54,74.72,71.13,71.24,73.66,81.18,0.874,0.7454,0.5905,0.6372,0.6215
1358,Sam Houston St,,43.9,62.9,46.9,42.1,35.4,57.73,56.75,57.25,61.14,57.6,62.79,0.3545,0.4115,0.3169,0.4893,0.243
1359,Samford,,41.1,36.7,26.3,32.4,35.2,77.52,67.88,71.93,62.47,63.64,75.73,0.8358,0.3419,0.2526,0.2879,0.2655
1360,San Diego,,35.8,58,54.6,50,41.6,58.5,62.56,51.96,49.9,47.69,56.92,0.3804,0.5393,0.1752,0.1035,0.0801
1362,San Francisco,,47.5,54.2,64.9,54,57.2,69.17,68.28,68.5,65.31,64.33,50.45,0.6211,0.1225,0.0907,0.1104,0.122
1363,San Jose St,,36,15.7,31.6,34.3,35.8,66.33,58.18,68.03,65.97,53.1,60.19,0.5745,0.6474,0.6048,0.4364,0.3927
1365,Santa Clara,,41,46.8,51,64.4,36.1,53.09,54.56,60.22,59.11,57.56,58.28,0.2618,0.2817,0.5771,0.4731,0.0705
1366,Savannah St,,30.7,21.8,33.7,44.3,47.7,61.92,63.28,59.42,68.23,63.28,66.59,0.3639,0.2601,0.3208,0.2434,0.2464
1367,SC Upstate,,27.3,51.7,49.6,44.8,52.7,76.13,72.43,74.74,66.5,74.12,74.96,0.8111,0.3379,0.2437,0.5136,0.3712
1368,SE Louisiana,,28.8,31.6,27.9,33.5,30.8,46.32,48.28,53.02,53.08,49.66,48.09,0.0987,0.4276,0.3775,0.4933,0.578
1369,SE Missouri St,,21.9,40.8,41.6,42.9,40.7,59.01,58.65,56.79,64.01,55.36,55.24,0.4897,0.1004,0.2039,0.1629,0.1368
1370,Seattle,,35.6,42.9,39.4,40.2,42.6,69.71,68.2,65.76,67.49,71.7,76.4,0.6371,0.6647,0.7233,0.4572,0.6799
1371,Seton Hall,,77.6,65.5,63.5,59.5,71.6,58.91,67.55,53.38,60.85,51.7,59.93,0.3087,0.5855,0.5086,0.4876,0.5889
1373,Siena,,59.2,35.5,50.3,27.8,42.2,68.64,70.39,68.87,65.16,60.16,61.94,0.6779,0.645,0.1666,0.3564,0.1159
1375,South Alabama,,38.4,31.9,39,46.3,45.3,58.56,61.2,57.04,53.15,59.14,59.35,0.3759,0.6528,0.6788,0.5241,0.284
1376,South Carolina,,75.9,67.7,59.3,47.2,52.8,62.64,60.27,70.58,71.06,71.81,72.31,0.4271,0.6051,0.599,0.3594,0.6265
1380,Southern Univ,,42,35.6,47.5,49.9,24.7,76.66,79.72,84.85,76.06,79.74,80.24,0.774,0.2475,0.4911,0.5478,0.681
1381,Southern Utah,,22.1,29.4,13.4,29.1,38.4,65.58,67.05,69.63,60.22,62.75,65.76,0.6415,0.588,0.6,0.3097,0.3618
1383,St Francis NY,,35,50.4,43.3,38.3,41,65.72,63.89,59.15,,,,0.6051,0.4791,0.2771,0.1139,0.1624
1384,St Francis PA,,31.5,41.9,25.2,17.7,24.2,49.24,47.88,51.82,53.42,46,48.58,0.1358,0.1941,0.1461,,
1389,St Peter's,,44.7,44.4,37.6,29.2,25.2,62.79,57.54,62.43,61.55,73.93,68.29,0.5694,0.2518,0.2704,0.1551,0.218
1390,Stanford,,68.5,74.7,76.1,75.4,70.3,61.57,58.99,55.6,58.34,59.81,59.54,0.4299,0.3472,0.3798,0.3594,0.6166
1391,Stetson,,30.3,20.6,19.1,40.4,34.7,69.23,62.48,57.11,57.34,61.59,64.11,0.7259,0.2711,0.1721,0.2082,0.2539
1392,Stony Brook,,65.6,54.5,50.2,65.1,52.8,68.4,70.63,73.56,78.61,79.19,81.33,0.6304,0.4755,0.2567,0.2154,0.3066
1394,TAM C. Christi,,53.5,43.5,41.7,25.3,24.2,74.35,67.31,66.59,68.55,65.09,79.19,0.8014,0.6283,0.675,0.8271,0.8022
1395,TCU,,56.6,69.8,44.6,37.5,54.5,65.85,57.97,60.97,66.33,67.14,59.88,0.6987,0.4121,0.4973,0.4114,0.58
1398,Tennessee St,,49.5,21,28.4,52.8,50,50.8,60.46,56.35,60.26,62.23,63.52,0.1329,0.4025,0.1801,0.2764,0.4253
1399,Tennessee Tech,,51.4,40.6,38.9,36,49.2,85.07,84.41,75.12,68.77,60.06,68.98,0.8741,0.9299,0.7955,0.6273,0.1879
1402,Texas St,,42.5,42.9,33.8,36.6,36,65.9,68.07,68.94,69.9,72.35,81.64,0.5047,0.5824,0.5608,0.6038,0.5829
1403,Texas Tech,,77,54,65.5,43,41.9,51.5,49.82,60.65,53.45,58.06,58.53,0.2478,0.1382,0.4125,0.1966,0.3137
1404,TN Martin,,44.1,50.3,23.9,24.7,19,59.95,68.18,71.23,71.1,69.32,78.14,0.357,0.6299,0.6506,0.6137,0.5331
1405,Toledo,,60.3,64,64,48.8,47,,,,,,,,,,,
1406,Towson,,55.7,34.9,56.9,47.8,19.1,79.02,77.49,82.08,84.08,78.97,82.12,0.8252,0.8263,0.8865,0.8762,0.8141
1407,Troy,,33.8,31.4,37.8,33.3,35.8,75.5,71.98,65.18,75.94,70.17,72.55,0.8462,0.7482,0.4744,0.7504,0.5718
1408,Tulane,,46.3,45.9,37.7,54.1,50.6,82.73,77.87,70.32,75.63,85.98,81.82,0.8758,0.8071,0.6037,0.6657,0.9046
1410,UTRGV,,19,22.9,28.2,28.2,26.6,67.59,67.27,74.45,66.84,70.87,67.74,0.538,0.6109,0.7257,0.5743,0.6247
1413,UC Davis,,38.3,59.5,27.3,44.2,20.4,85.87,90.89,85.99,80.23,75.79,80.77,0.9405,0.9504,0.8959,0.804,0.698
1415,UC Riverside,,41.9,43,33.3,26.7,35.7,86.33,86.63,87.64,80.65,78.73,76.95,0.9402,0.9526,0.9393,0.8287,0.8248
1416,UCF,,52.1,39.2,50.9,58.2,66.3,73.7,67.86,68.32,67.56,76.6,82.34,0.6892,0.4478,0.4284,0.4996,0.6697
1418,ULL,,57.6,55.6,57.9,40.4,47.1,52.41,56.1,64.34,55.87,62.52,62.9,0.2002,0.2269,0.4276,0.2311,0.2707
1419,ULM,,55.6,49.7,41.2,21.9,24.1,60.58,59.26,62.81,61.51,64.32,66.46,0.4325,0.3392,0.3459,0.2805,0.3396
1420,UMBC,,22.8,17.7,24.4,,,55.99,50.43,57.78,64.94,63.66,50.27,0.3492,0.1404,0.2435,0.4978,0.4364
1422,UNC Greensboro,,41.7,33.9,31.4,30.6,33.5,62.62,65.12,64.18,66.84,65.93,64.35,0.4563,0.5425,0.4481,0.449,0.4183
1423,UNC Wilmington,,67.6,48.5,33.8,31.4,40.8,61.33,64.77,69.23,66.55,66.3,68.82,0.4322,0.4775,0.5756,0.5364,0.468
1425,USC,,77,53.4,52.4,62.3,43.1,,,,,,,,,,,
1426,UT Arlington,,65.5,48.4,43.8,54.2,59.9,,,,,,,,,,,
1430,Utah Valley,,34,30.7,47.4,33.2,41.1,63.58,53.76,66.77,66.51,68.6,57.89,0.5046,0.2198,0.4646,0.4502,0.6571
1431,UTEP,,44.2,63.6,63,64.7,57.8,70.35,68.78,71.15,69.96,67.16,63.94,0.5859,0.5789,0.5983,0.5703,0.3698
1432,Utica,,,,,,,73.72,69.24,73.04,72.51,80.17,85.6,0.7531,0.5897,0.6541,0.7195,0.7715
1439,Virginia Tech,,65.8,50.6,52.1,53.1,68.3,61.88,66.16,65.94,72.34,75.98,79.4,0.4406,0.4307,0.4346,0.6876,0.6848
1440,VMI,,29,36.8,45.8,35.9,37.6,62.45,56.19,66.25,73.2,65.97,63.72,0.5802,0.2872,0.4637,0.7331,0.5582
1441,W Carolina,,45.7,42.4,41,39.2,41.1,83.05,77.86,73.83,69.81,79.22,84.68,0.913,0.8346,0.7323,0.5888,0.788
1442,W Illinois,,42,23.9,34.1,53.3,49.7,65.38,70.19,71.86,69.12,66.81,67.64,0.5682,0.7258,0.7169,0.5896,0.4738
1445,W Salem St,,,,,,,68.8,63.15,65.48,57.98,67.8,71.21,0.6302,0.4181,0.465,0.1878,0.5227
1446,W Texas A&M,,,,,,,84.83,81.64,84.57,84.71,85.57,83.95,0.9186,0.9073,0.9373,0.8915,0.903
1447,Wagner,,46.9,28.4,43.9,48.2,62.7,68.95,66.02,66.84,63.72,61.25,65.62,0.6892,0.5688,0.486,0.3708,0.2238
1448,Wake Forest,,60.1,59.8,61,56.7,49.3,64.37,63.12,61.36,57.81,60.13,62.15,0.5385,0.496,0.3655,0.2239,0.266
1450,Washington St,,51.5,49,48.3,63.7,57,82.65,91.74,88.48,85.59,87.21,86.28,0.853,0.9629,0.9211,0.9045,0.9208
1453,WI Green Bay,,56.2,66.6,68.3,,,62.54,68.96,66.15,59.49,63.28,75.68,0.4532,0.6612,0.4356,0.2804,0.4076
1456,William & Mary,,65.6,58.1,53.9,41.7,29,63.27,57.4,69.62,70.7,63.11,71.67,0.5348,0.3116,0.587,0.5961,0.3785
1457,Winthrop,,54.4,49,44.9,38.5,34.9,62.6,69.66,68.04,67.81,70.58,63.66,0.494,0.6056,0.5717,0.6084,0.6476
1460,Wright St,,52.9,41.3,54.7,56,41.9,83.18,80.49,77.58,75.09,78.55,82.78,0.9007,0.8586,0.7511,0.7149,0.7901
1463,Yale,,71.6,65.5,50.9,43.8,51.9,75.11,71.91,67.66,67.15,66.81,62.54,0.7867,0.717,0.5358,0.4188,0.5178
1464,Youngstown St,,36.3,34.8,49.7,49.3,47.5,53.41,56.55,63.43,65.12,67.46,61.17,0.277,0.262,0.4318,0.4138,0.5084